"Id";"Designator";"Package";"Quantity";"Designation";"Supplier and ref";
1;"H3";"backside";1;"Logo";;;
2;"H2";"back";1;"Logo";;;
3;"J1,J2";"TYPE-C-31-M-12";2;"TYPE-C-31-M12_13";;;
4;"MX25,MX24,MX23,MX22,MX21,MX20,MX19,MX18,MX17,MX16,MX15,MX14,MX13,MX12,MX11,MX10,MX9,MX8,MX7,MX6,MX5,MX4,MX3,MX2,MX1";"Kailh_Hotswap_1U";25;"MX-NoLED";;;
5;"SW2";"RotaryEncoder_Alps_EC11E-Switch_Vertical_H20mm";1;"Rotary_Encoder_Switch";;;
6;"MH4,MH3,MH2,MH1";"MountingHole_3.2mm_M3_Pad_v2";4;"Mount-M2";;;
7;"J3";"JST_SH_SM05B-SRSS-TB_1x05-1MP_P1.00mm_Horizontal";1;"Conn_01x05";;;
8;"U3";"QFN-28-1EP_5x5mm_P0.5mm_EP3.35x3.35mm_ThermalVias";1;"CY7C65632-28LTXCT";;;
9;"FB4,FB3,FB2,FB1";"Ferrite_Bead_0603";4;"600R";;;
10;"U4,U2";"SOT-23-6";2;"USBLC6-2SC6";;;
11;"C21,C20,C19,C18,C17,C14,C13,C12,C8,C6,C5,C4";"C_0603_1608Metric";12;"0.1uF";;;
12;"R16,R15,R8,R7";"R_0603_1608Metric";4;"100k";;;
13;"R14,R13,R12,R11,R9,R6,R3";"R_0603_1608Metric";7;"10k";;;
14;"R10";"R_0603_1608Metric";1;"650R";;;
15;"R5,R4";"R_0603_1608Metric";2;"5.1k";;;
16;"R2,R1";"R_0603_1608Metric";2;"22";;;
17;"C16,C15,C3";"C_0603_1608Metric";3;"1uF";;;
18;"C11,C7";"C_0603_1608Metric";2;"10uF";;;
19;"C10,C9,C2,C1";"C_0603_1608Metric";4;"22pF";;;
20;"D23,D26,D25,D24,D22,D21,D20,D19,D18,D17,D16,D15,D14,D13,D12,D11,D10,D9,D8,D7,D6,D5,D4,D3,D2,D1";"D_SOD-123";26;"D_Small";;;
21;"Y2";"Crystal_SMD_3225-4Pin_3.2x2.5mm";1;"12MHz";;;
22;"F2";"Fuse_1206_3216Metric";1;"200mA";;;
23;"Y1";"Crystal_SMD_3225-4Pin_3.2x2.5mm";1;"16MHz";;;
24;"U1";"TQFP-44_10x10mm_P0.8mm";1;"ATmega32U4-AU";;;
25;"SW1";"SKQG-1155865";1;"SW_Push";;;
26;"F1";"Fuse_1206_3216Metric";1;"500mA";;;
27;"H1";"wiggle";1;"Logo";;;
