Id,Designator,Package,Quantity,Designation,Manufacturer Part Number,Alternate,
4,J1,TYPE-C-31-M-12,1,TYPE-C-31-M12_13,TYPE-C-31-M-12,,
5,C7,C_0805_2012Metric,1,10uF,CL21A106KAYNNNE,,
6,Y1,Crystal_SMD_3225-4Pin_3.2x2.5mm,1,16MHz,X322516MLB4SI,,
7,U1,TQFP-44_10x10mm_P0.8mm,1,ATmega32U4-AU,ATMEGA32U4-AU,,
9,SW1,SKQG-1155865,1,SW_Push,TS-1187A-B-A-B,,
10,"R6,R3",R_0805_2012Metric,2,10k,0805W8F1002T5E,,
11,"R5,R4",R_0805_2012Metric,2,5.1k,0805W8F5101T5E,,
12,"R2,R1",R_0805_2012Metric,2,22,0805W8F220JT5E,,
13,F1,Fuse_1206_3216Metric,1,500mA,1206L050/15YR,,
14,"D26,D25,D24,D23,D22,D21,D20,D19,D18,D17,D16,D15,D14,D13,D12,D11,D10,D9,D8,D7,D6,D5,D4,D3,D2,D1",D_SOD-123,26,D_Small,1N4148W,SM4007PL,
15,"C6,C5,C4",C_0805_2012Metric,3,0.1uF,CC0805KRX7R9BB104,,
16,C3,C_0805_2012Metric,1,1uF,CL21B105KBFNNNE,,
17,"C2,C1",C_0805_2012Metric,2,22pF,CL21C220JBANNNC,,