Item,Qty,Reference(s),Value,LibPart,Footprint,Manufacturer Part #
1,4,"C1, C2, C9, C10",22pF,Device:C_Small,Capacitor_SMD:C_0603_1608Metric,CL10C220JB8NNNC
2,3,"C3, C15, C16",1uF,Device:C_Small,Capacitor_SMD:C_0603_1608Metric,CL10A105KB8NNNC
3,12,"C4, C5, C6, C8, C12, C13, C14, C17, C18, C19, C20, C21",0.1uF,Device:C_Small,Capacitor_SMD:C_0603_1608Metric,CC0603KRX7R9BB104
4,1,C7,10uF,Device:C_Small,Capacitor_SMD:C_0603_1608Metric,CL10A106KP8NNNC
5,1,C11,10uF,Device:CP_Small,Capacitor_SMD:C_0603_1608Metric,CL10A106KP8NNNC
6,26,"D1, D2, D3, D4, D5, D6, D7, D8, D9, D10, D11, D12, D13, D14, D15, D16, D17, D18, D19, D20, D21, D22, D23, D24, D25, D26",D_Small,Device:D_Small,Diode_SMD:D_SOD-123,1N4148W
7,1,F1,500mA,Device:Polyfuse_Small,Fuse:Fuse_1206_3216Metric,1206L050YR
8,1,F2,200mA,Device:Polyfuse_Small,Fuse:Fuse_1206_3216Metric,1206L020YR
9,4,"FB1, FB2, FB3, FB4",600R,Device:Ferrite_Bead_Small,josh-passives-smt:Ferrite_Bead_0603,BLM18AG601SN1D
11,2,"J1, J2",TYPE-C-31-M12_13,acheronSymbols:TYPE-C-31-M12_13,acheron_Connectors:TYPE-C-31-M-12,TYPE-C-31-M-12
12,1,J3,Conn_01x05,Connector_Generic:Conn_01x05,Connector_JST:JST_SH_SM05B-SRSS-TB_1x05-1MP_P1.00mm_Horizontal,SM05B-SRSS-TB(LF)(SN)
15,2,"R1, R2",22,Device:R_Small,Resistor_SMD:R_0603_1608Metric,0603WAF220JT5E
16,7,"R3, R6, R9, R11, R12, R13, R14",10k,Device:R_Small,Resistor_SMD:R_0603_1608Metric,0603WAF1002T5E
17,2,"R4, R5",5.1k,Device:R_Small,Resistor_SMD:R_0603_1608Metric,0603WAF5101T5E
18,4,"R7, R8, R15, R16",100k,Device:R_Small,Resistor_SMD:R_0603_1608Metric,0603WAF1003T5E
19,1,R10,650R,Device:R_Small,Resistor_SMD:R_0603_1608Metric,0603WAF6490T5E
20,1,SW1,SW_Push,Switch:SW_Push,random-keyboard-parts:SKQG-1155865,TS-1187A-B-A-B
22,1,U1,ATmega32U4-AU,MCU_Microchip_ATmega:ATmega32U4-AU,Package_QFP:TQFP-44_10x10mm_P0.8mm,ATMEGA32U4-AU
23,2,"U2, U4",USBLC6-2SC6,Power_Protection:USBLC6-2SC6,Package_TO_SOT_SMD:SOT-23-6,USBLC6-2SC6
24,1,U3,CY7C65632-28LTXCT,josh-ic:CY7C65632-28LTXCT,Package_DFN_QFN:QFN-28-1EP_5x5mm_P0.5mm_EP3.35x3.35mm_ThermalVias,CY7C65632-28LTXCT
25,1,Y1,16MHz,Device:Crystal_GND24_Small,Crystal:Crystal_SMD_3225-4Pin_3.2x2.5mm,X322516MRB4SI
26,1,Y2,12MHz,Device:Crystal_GND24_Small,Crystal:Crystal_SMD_3225-4Pin_3.2x2.5mm,X322512MSB4SI
